Brand,Title,Price,Date
Tommy Hilfiger, Dexter Men's Black Dial Stainless Steel Watch - 1792087,"12,119",2024-08-18
Tommy Hilfiger, Dexter Men's Black Dial Stainless Steel Watch - 1792087,"12,119",2024-08-18
Tommy Hilfiger, Dexter Men's Black Dial Stainless Steel Watch - 1792087,"12,119",2024-08-18
Tommy Hilfiger, Dexter Men's Black Dial Stainless Steel Watch - 1792087,12119.,2024-08-18
Tommy Hilfiger, Dexter Men's Black Dial Stainless Steel Watch - 1792087,12119.,2024-08-18
Tommy Hilfiger, Dexter Men's Black Dial Stainless Steel Watch - 1792087,"12,119.",2024-08-18
Tommy Hilfiger, Dexter Men's Black Dial Stainless Steel Watch - 1792087,12119,2024-08-18
Tommy Hilfiger, Dexter Men's Black Dial Stainless Steel Watch - 1792087,12119,2024-08-18
Tommy Hilfiger, Dexter Men's Black Dial Stainless Steel Watch - 1792087,12119,2024-08-18
Tommy Hilfiger, Dexter Men's Black Dial Stainless Steel Watch - 1792087,12119,2024-08-18
Tommy Hilfiger, Dexter Men's Black Dial Stainless Steel Watch - 1792087,12119,2024-08-18
Tommy Hilfiger, Dexter Men's Black Dial Stainless Steel Watch - 1792087,12119,2024-08-18
Tommy Hilfiger, Dexter Men's Black Dial Stainless Steel Watch - 1792087,12119,2024-08-18
Tommy Hilfiger, Dexter Men's Black Dial Stainless Steel Watch - 1792087,12119,2024-08-18
Tommy Hilfiger, Dexter Men's Black Dial Stainless Steel Watch - 1792087,12119,2024-08-18
Tommy Hilfiger, Dexter Men's Black Dial Stainless Steel Watch - 1792087,12119,2024-08-18
Tommy Hilfiger, Dexter Men's Black Dial Stainless Steel Watch - 1792087,12119,2024-08-18
